{"cameraMode":{"drawMode":0,"name":"Shaded","section":"Shading Mode"},"sceneLighting":true,"audioPlay":false,"sceneViewState":{"showFog":true,"showMaterialUpdate":false,"showSkybox":true,"showFlares":true,"showImageEffects":true,"showParticleSystems":true},"in2DMode":false,"pivot":{"x":-1.0303772687911988,"y":1.7554328441619874,"z":-0.44753456115722659},"rotation":{"x":0.34496423602104189,"y":-0.003942873794585466,"z":0.0014471260365098715,"w":0.9386111497879028},"size":10.388887405395508,"orthographic":false}