{"cameraMode":{"drawMode":0,"name":"Shaded","section":"Shading Mode"},"sceneLighting":true,"audioPlay":false,"sceneViewState":{"showFog":true,"showMaterialUpdate":false,"showSkybox":true,"showFlares":true,"showImageEffects":true,"showParticleSystems":true},"in2DMode":false,"pivot":{"x":7.027975559234619,"y":-9.12939453125,"z":14.097046852111817},"rotation":{"x":0.36597326397895815,"y":0.037968508899211887,"z":-0.014946511946618557,"w":0.9297528862953186},"size":62.03786849975586,"orthographic":false}