{"cameraMode":{"drawMode":0,"name":"Shaded","section":"Shading Mode"},"sceneLighting":true,"audioPlay":false,"sceneViewState":{"showFog":true,"showMaterialUpdate":false,"showSkybox":true,"showFlares":true,"showImageEffects":true,"showParticleSystems":true},"in2DMode":false,"pivot":{"x":103.1851806640625,"y":51.35444259643555,"z":47.51595687866211},"rotation":{"x":0.08848109841346741,"y":0.7132650017738342,"z":-0.0917462557554245,"w":0.6892895698547363},"size":37.09678649902344,"orthographic":false}