{"cameraMode":{"drawMode":0,"name":"Shaded","section":"Shading Mode"},"sceneLighting":false,"audioPlay":false,"sceneViewState":{"showFog":true,"showMaterialUpdate":false,"showSkybox":false,"showFlares":true,"showImageEffects":true,"showParticleSystems":true},"in2DMode":false,"pivot":{"x":42.400001525878909,"y":44.255001068115237,"z":50.0},"rotation":{"x":0.0279659666121006,"y":0.6510286927223206,"z":-0.02406146191060543,"w":0.7581906318664551},"size":26.700454711914064,"orthographic":false}