{"cameraMode":{"drawMode":0,"name":"Shaded","section":"Shading Mode"},"sceneLighting":true,"audioPlay":false,"sceneViewState":{"showFog":true,"showMaterialUpdate":false,"showSkybox":true,"showFlares":true,"showImageEffects":true,"showParticleSystems":true},"in2DMode":false,"pivot":{"x":42.933223724365237,"y":37.858497619628909,"z":180.90078735351563},"rotation":{"x":0.0195157453417778,"y":0.3692599833011627,"z":-0.007755661383271217,"w":0.929092526435852},"size":115.7649917602539,"orthographic":false}