{"cameraMode":{"drawMode":0,"name":"Shaded","section":"Shading Mode"},"sceneLighting":true,"audioPlay":false,"sceneViewState":{"showFog":true,"showMaterialUpdate":false,"showSkybox":true,"showFlares":true,"showImageEffects":true,"showParticleSystems":true},"in2DMode":false,"pivot":{"x":0.5585656762123108,"y":1.049709439277649,"z":-0.10123828053474426},"rotation":{"x":0.22718006372451783,"y":0.013438276015222073,"z":-0.003137066727504134,"w":0.9737594127655029},"size":9.584182739257813,"orthographic":false}