{"cameraMode":{"drawMode":0,"name":"Shaded","section":"Shading Mode"},"sceneLighting":true,"audioPlay":false,"sceneViewState":{"showFog":true,"showMaterialUpdate":false,"showSkybox":true,"showFlares":true,"showImageEffects":true,"showParticleSystems":true},"in2DMode":false,"pivot":{"x":22.018402099609376,"y":26.66380500793457,"z":138.3705291748047},"rotation":{"x":0.2929460406303406,"y":0.10300422459840775,"z":-0.03176164999604225,"w":0.9500367641448975},"size":30.463577270507814,"orthographic":false}